<?xml version="1.0" encoding="utf-8" ?>
<bible>
  <version id="50">NKJV</version>
  <version id="31">NIV</version>
  <version id="51">NLT</version>
  <version id="47">ESV</version>
  <version id="9">KJV</version>
  <version id="49">NASB</version>
  <version id="65">MSG</version>
  <version id="77">HCSB</version>
  <book id="1" name="Genesis">
    <abbr>Ge</abbr>
    <abbr>Gen</abbr>
  </book>
  <book id="2" name="Exodus">
    <abbr>Ex</abbr>
    <abbr>Exo</abbr>
  </book>
  <book id="3" name="Leviticus">
    <abbr>Le</abbr>
    <abbr>Lev</abbr>
  </book>
  <book id="4" name="Numbers">
    <abbr>Nu</abbr>
    <abbr>Num</abbr>
  </book>
  <book id="5" name="Deuteronomy">
    <abbr>Deut</abbr>
    <abbr>Dt</abbr>
  </book>
  <book id="6" name="Joshua">
    <abbr>Josh</abbr>
    <abbr>Jsh</abbr>
  </book>
  <book id="7" name="Judges">
    <abbr>Jg</abbr>
    <abbr>Judg</abbr>
  </book>
  <book id="8" name="Ruth">
    <abbr>Ru</abbr>
    <abbr>Ruth</abbr>
  </book>
  <book id="9" name="1 Samuel">
    <abbr>1S</abbr>
    <abbr>1Sam</abbr>
  </book>
  <book id="10" name="2 Samuel">
    <abbr>2S</abbr>
    <abbr>2Sam</abbr>
  </book>
  <book id="11" name="1 Kings">
    <abbr>1K</abbr>
    <abbr>1Kin</abbr>
  </book>
  <book id="12" name="2 Kings">
    <abbr>2K</abbr>
    <abbr>2Kin</abbr>
  </book>
  <book id="13" name="1 Chronicles">
    <abbr>1Ch</abbr>
    <abbr>1Chr</abbr>
  </book>
  <book id="14" name="2 Chronicles">
    <abbr>2Ch</abbr>
    <abbr>2Chr</abbr>
  </book>
  <book id="15" name="Ezra">
    <abbr>Ezr</abbr>
    <abbr>Ezra</abbr>
  </book>
  <book id="16" name="Nehemiah">
    <abbr>Ne</abbr>
    <abbr>Neh</abbr>
  </book>
  <book id="17" name="Esther">
    <abbr>Est</abbr>
  </book>
  <book id="18" name="Job">
    <abbr>Jb</abbr>
    <abbr>Job</abbr>
  </book>
  <book id="19" name="Psalm">
    <abbr>Ps</abbr>
    <abbr>Psa</abbr>
  </book>
  <book id="20" name="Proverbs">
    <abbr>Pr</abbr>
    <abbr>Prov</abbr>
  </book>
  <book id="21" name="Ecclesiastes">
    <abbr>Ec</abbr>
    <abbr>Ecc</abbr>
  </book>
  <book id="22" name="Song of Solomon">
    <abbr>Song</abbr>
    <abbr>SS</abbr>
  </book>
  <book id="23" name="Isaiah">
    <abbr>Is</abbr>
    <abbr>Isa</abbr>
  </book>
  <book id="24" name="Jeremiah">
    <abbr>Je</abbr>
    <abbr>Jer</abbr>
  </book>
  <book id="25" name="Lamentations">
    <abbr>La</abbr>
    <abbr>Lam</abbr>
  </book>
  <book id="26" name="Ezekiel">
    <abbr>Eze</abbr>
    <abbr>Ezk</abbr>
  </book>
  <book id="27" name="Daniel">
    <abbr>Da</abbr>
    <abbr>Dan</abbr>
  </book>
  <book id="28" name="Hosea">
    <abbr>Ho</abbr>
    <abbr>Hos</abbr>
  </book>
  <book id="29" name="Joel">
    <abbr>Jl</abbr>
    <abbr>Joel</abbr>
  </book>
  <book id="30" name="Amos">
    <abbr>Am</abbr>
    <abbr>Amos</abbr>
  </book>
  <book id="31" name="Obadiah">
    <abbr>Ob</abbr>
    <abbr>Obad</abbr>
  </book>
  <book id="32" name="Jonah">
    <abbr>Jon</abbr>
  </book>
  <book id="33" name="Micah">
    <abbr>Mi</abbr>
    <abbr>Mic</abbr>
  </book>
  <book id="34" name="Nahum">
    <abbr>Na</abbr>
    <abbr>Nah</abbr>
  </book>
  <book id="35" name="Habakkuk">
    <abbr>Hab</abbr>
  </book>
  <book id="36" name="Zephaniah">
    <abbr>Zep</abbr>
    <abbr>Zp</abbr>
    <abbr>Zeph</abbr>
  </book>
  <book id="37" name="Haggai">
    <abbr>Hag</abbr>
    <abbr>Hg</abbr>
  </book>
  <book id="38" name="Zechariah">
    <abbr>Zc</abbr>
    <abbr>Zec</abbr>
    <abbr>Zech</abbr>
  </book>
  <book id="39" name="Malachi">
    <abbr>Mal</abbr>
    <abbr>Ml</abbr>
  </book>
  <book id="40" name="Matthew">
    <abbr>Matt</abbr>
    <abbr>Mt</abbr>
  </book>
  <book id="41" name="Mark">
    <abbr>Mk</abbr>
    <abbr>Mark</abbr>
  </book>
  <book id="42" name="Luke">
    <abbr>Lk</abbr>
    <abbr>Luke</abbr>
  </book>
  <book id="43" name="John">
    <abbr>Jn</abbr>
    <abbr>John</abbr>
  </book>
  <book id="44" name="Acts">
    <abbr>Ac</abbr>
    <abbr>Acts</abbr>
  </book>
  <book id="45" name="Romans">
    <abbr>Ro</abbr>
    <abbr>Rom</abbr>
  </book>
  <book id="46" name="1 Corinthians">
    <abbr>1C</abbr>
    <abbr>1Cor</abbr>
  </book>
  <book id="47" name="2 Corinthians">
    <abbr>2C</abbr>
    <abbr>2Cor</abbr>
  </book>
  <book id="48" name="Galatians">
    <abbr>Ga</abbr>
    <abbr>Gal</abbr>
  </book>
  <book id="49" name="Ephesians">
    <abbr>Ep</abbr>
    <abbr>Eph</abbr>
  </book>
  <book id="50" name="Philippians">
    <abbr>Ph</abbr>
    <abbr>Phil</abbr>
  </book>
  <book id="51" name="Colossians">
    <abbr>Col</abbr>
  </book>
  <book id="52" name="1 Thessalonians">
    <abbr>1Th</abbr>
    <abbr>1The</abbr>
  </book>
  <book id="53" name="2 Thessalonians">
    <abbr>2Th</abbr>
    <abbr>2The</abbr>
  </book>
  <book id="54" name="1 Timothy">
    <abbr>1T</abbr>
    <abbr>1Tim</abbr>
  </book>
  <book id="55" name="2 Timothy">
    <abbr>2T</abbr>
    <abbr>2Tim</abbr>
  </book>
  <book id="56" name="Titus">
    <abbr>T</abbr>
    <abbr>Tit</abbr>
  </book>
  <book id="57" name="Philemon">
    <abbr>Philem</abbr>
    <abbr>Phlm</abbr>
    <abbr>Phm</abbr>
  </book>
  <book id="58" name="Hebrews">
    <abbr>He</abbr>
    <abbr>Heb</abbr>
  </book>
  <book id="59" name="James">
    <abbr>Ja</abbr>
    <abbr>Jam</abbr>
  </book>
  <book id="60" name="1 Peter">
    <abbr>1P</abbr>
    <abbr>1Pe</abbr>
    <abbr>1Pet</abbr>
  </book>
  <book id="61" name="2 Peter">
    <abbr>2P</abbr>
    <abbr>2Pe</abbr>
    <abbr>2Pet</abbr>
  </book>
  <book id="62" name="1 John">
    <abbr>1J</abbr>
    <abbr>1Jn</abbr>
  </book>
  <book id="63" name="2 John">
    <abbr>2J</abbr>
    <abbr>2Jn</abbr>
  </book>
  <book id="64" name="3 John">
    <abbr>3J</abbr>
    <abbr>3Jn</abbr>
  </book>
  <book id="65" name="Jude">
    <abbr>Ju</abbr>
    <abbr>Jude</abbr>
  </book>
  <book id="66" name="Revelation">
    <abbr>Re</abbr>
    <abbr>Rev</abbr>
  </book>
</bible>
